No,Images,MIR,MIG,MIB,VHR,VHG,VHB,SER,SEG,SEB
1,01_Airplane.bmp,177.58,177.85,190.21,2713697.97,2729981.53,4431432.02,6.717765,6.798979,6.213774
2,02_Baboon.bmp,137.39,128.86,113.12,331358.91,571232.16,319770.47,7.706672,7.474432,7.752217
3,03_Lena.bmp,180.22,99.05,105.41,1017334.7,455718.8,1377355.87,7.253102,7.594038,6.968427
4,04_Peppers.bmp,149.82,115.57,66.53,852748.87,1273531.72,1965712.71,7.338827,7.496253,7.058306
5,05_Sailboat.bmp,131.01,124.3,114.89,786789.23,520618.87,1378286.15,7.312388,7.642854,7.213642
6,06_Splash.bmp,176.27,70.49,79.93,2422650.7,3083896.35,5916964.58,6.948061,6.884455,6.126452
